Workbook

Sheet STATEMENT
B2: CVRx US Sales Incentive Compensation Statement
B4: =info!B2 & " " & info!B3
B5: =info!B6
B6: =info!B7 & " 2025"
B9: Sales Performance | E9: Final Payment
B10: Level 1 Sales | C10: =_xlfn.XLOOKUP("L1_REV", payout!$G:$G, payout!$F:$F) | E10: Level 1 Payout | G10: =_xlfn.XLOOKUP("L1_PO", payout!G:G,payout!F:F)
B11: Level 2 Sales | C11: =_xlfn.XLOOKUP("L2_REV", payout!$G:$G, payout!$F:$F) | E11: Level 2 Payout | G11: =_xlfn.XLOOKUP("L2_PO",payout!G:G,payout!F:F)
B12: Total Sales | C12: =SUM(C9:C11) | E12: Subtotal | G12: =SUM(G9:G11)
E13: Other Adjustments | G13: =IFERROR(_xlfn.XLOOKUP("ADJUSTMENTS", payout!G:G,payout!F:F), 0) + IFERROR(_xlfn.XLOOKUP("SPIFF_PO", payout!G:G,payout!F:F), 0)
D14: =IF(G14>0, 1, 0) | E14: Guarantee Adjustment | G14: =IFERROR(_xlfn.XLOOKUP("GUARANTEE",payout!G:G,payout!F:F), 0)
D15: =IF(G15>0, 1, 0) | E15: Final Payout | G15: =_xlfn.XLOOKUP("PO_AMT", payout!G:G,payout!F:F)
E16: YTD Payout | G16: =_xlfn.XLOOKUP("YTD_PO", payout!G:G,payout!F:F)
B19: Opportunity Detail
B20: Account | D20: Opp Name | F20: Sales | G20: Units
B21: =IF(LEN(detail!K2)<1,"",detail!K2) | D21: =IF(LEN(detail!M2)<1,"",detail!M2) | F21: =DOLLAR(IF(LEN(detail!V2)<1,"",detail!V2), 0) & IF(detail!W2 = 1, "*", "") | G21: =IF(LEN(detail!U2)<1,"",detail!U2)
B22: =IF(LEN(detail!K3)<1,"",detail!K3) | D22: =IF(LEN(detail!M3)<1,"",detail!M3) | F22: =DOLLAR(IF(LEN(detail!V3)<1,"",detail!V3), 0) & IF(detail!W3 = 1, "*", "") | G22: =IF(LEN(detail!U3)<1,"",detail!U3)
B23: =IF(LEN(detail!K4)<1,"",detail!K4) | D23: =IF(LEN(detail!M4)<1,"",detail!M4) | F23: =DOLLAR(IF(LEN(detail!V4)<1,"",detail!V4), 0) & IF(detail!W4 = 1, "*", "") | G23: =IF(LEN(detail!U4)<1,"",detail!U4)
B24: =IF(LEN(detail!K5)<1,"",detail!K5) | D24: =IF(LEN(detail!M5)<1,"",detail!M5) | F24: =DOLLAR(IF(LEN(detail!V5)<1,"",detail!V5), 0) & IF(detail!W5 = 1, "*", "") | G24: =IF(LEN(detail!U5)<1,"",detail!U5)
B25: =IF(LEN(detail!K6)<1,"",detail!K6) | D25: =IF(LEN(detail!M6)<1,"",detail!M6) | F25: =DOLLAR(IF(LEN(detail!V6)<1,"",detail!V6), 0) & IF(detail!W6 = 1, "*", "") | G25: =IF(LEN(detail!U6)<1,"",detail!U6)
B26: =IF(LEN(detail!K7)<1,"",detail!K7) | D26: =IF(LEN(detail!M7)<1,"",detail!M7) | F26: =DOLLAR(IF(LEN(detail!V7)<1,"",detail!V7), 0) & IF(detail!W7 = 1, "*", "") | G26: =IF(LEN(detail!U7)<1,"",detail!U7)
B27: =IF(LEN(detail!K8)<1,"",detail!K8) | D27: =IF(LEN(detail!M8)<1,"",detail!M8) | F27: =DOLLAR(IF(LEN(detail!V8)<1,"",detail!V8), 0) & IF(detail!W8 = 1, "*", "") | G27: =IF(LEN(detail!U8)<1,"",detail!U8)
B28: =IF(LEN(detail!K9)<1,"",detail!K9) | D28: =IF(LEN(detail!M9)<1,"",detail!M9) | F28: =DOLLAR(IF(LEN(detail!V9)<1,"",detail!V9), 0) & IF(detail!W9 = 1, "*", "") | G28: =IF(LEN(detail!U9)<1,"",detail!U9)
B29: =IF(LEN(detail!K10)<1,"",detail!K10) | D29: =IF(LEN(detail!M10)<1,"",detail!M10) | F29: =DOLLAR(IF(LEN(detail!V10)<1,"",detail!V10), 0) & IF(detail!W10 = 1, "*", "") | G29: =IF(LEN(detail!U10)<1,"",detail!U10)
B30: =IF(LEN(detail!K11)<1,"",detail!K11) | D30: =IF(LEN(detail!M11)<1,"",detail!M11) | F30: =DOLLAR(IF(LEN(detail!V11)<1,"",detail!V11), 0) & IF(detail!W11 = 1, "*", "") | G30: =IF(LEN(detail!U11)<1,"",detail!U11)
B31: =IF(LEN(detail!K12)<1,"",detail!K12) | D31: =IF(LEN(detail!M12)<1,"",detail!M12) | F31: =DOLLAR(IF(LEN(detail!V12)<1,"",detail!V12), 0) & IF(detail!W12 = 1, "*", "") | G31: =IF(LEN(detail!U12)<1,"",detail!U12)
B32: =IF(LEN(detail!K13)<1,"",detail!K13) | D32: =IF(LEN(detail!M13)<1,"",detail!M13) | F32: =DOLLAR(IF(LEN(detail!V13)<1,"",detail!V13), 0) & IF(detail!W13 = 1, "*", "") | G32: =IF(LEN(detail!U13)<1,"",detail!U13)
... B46: =IF(LEN(detail!K27)<1,"",detail!K27) | D46: =IF(LEN(detail!M27)<1,"",detail!M27) | F46: =DOLLAR(IF(LEN(detail!V27)<1,"",detail!V27), 0) & IF(detail!W27 = 1, "*", "") | G46: =IF(LEN(detail!U27)<1,"",detail!U27)
B47: * An asterisk denotes that the opp includes a rebate

Sheet payout
A1: YYYYMM | B1: EID | C1: YYYYQQ | D1: ROLE | E1: STATUS | F1: VALUE | G1: CATEGORY | H1: Notes
A2: 2025_01 | B2: scroxdale@cvrx.com | C2: 2025_Q1 | D2: ASD | E2: ACTIVE | F2: 63000 | G2: SALES
A3: 2025_01 | B3: scroxdale@cvrx.com | C3: 2025_Q1 | D3: ASD | E3: ACTIVE | F3: 1316.7 | G3: L1_PO
A4: 2025_01 | B4: scroxdale@cvrx.com | C4: 2025_Q1 | D4: ASD | E4: ACTIVE | F4: 0 | G4: L2_PO
A5: 2025_01 | B5: scroxdale@cvrx.com | C5: 2025_Q1 | D5: ASD | E5: ACTIVE | F5: 63000 | G5: L1_REV
A6: 2025_01 | B6: scroxdale@cvrx.com | C6: 2025_Q1 | D6: ASD | E6: ACTIVE | F6: 0 | G6: L2_REV
A7: 2025_01 | B7: scroxdale@cvrx.com | C7: 2025_Q1 | D7: ASD | E7: ACTIVE | F7: 1316.7 | G7: TTL_PO
A8: 2025_01 | B8: scroxdale@cvrx.com | C8: 2025_Q1 | D8: ASD | E8: ACTIVE | F8: 18750 | G8: GUARANTEE
A9: 2025_01 | B9: scroxdale@cvrx.com | C9: 2025_Q1 | D9: ASD | E9: ACTIVE | F9: 18750 | G9: PO_AMT
A10: 2025_01 | B10: scroxdale@cvrx.com | C10: 2025_Q1 | D10: ASD | E10: ACTIVE | F10: 2 | G10: REVENUE_UNITS
A11: 2025_01 | B11: scroxdale@cvrx.com | C11: 2025_Q1 | D11: ASD | E11: ACTIVE | F11: 8 | G11: IMPLANT_UNITS
A12: 2025_01 | B12: scroxdale@cvrx.com | C12: 2025_Q1 | D12: ASD | E12: ACTIVE | F12: 18750 | G12: YTD_PO

Sheet info
A1: Name: | B1: Croxdale, Sean
A2: First Name: | B2: Sean
A3: Last Name: | B3: Croxdale
A4: Email: | B4: scroxdale@cvrx.com
A5: Territory: | B5: THE SYNDICATE
A6: Role: | B6: Area Sales Director
A7: Month: | B7: January

Sheet detail
A1: REGION_NM | B1: REGION_ID | C1: SALES_CREDIT_ASD_EMAIL | D1: SALES_CREDIT_REP_EMAIL | E1: CLOSEDATE | F1: CLOSE_YYYYMM | G1: CLOSE_YYYYQQ | H1: IMPLANTED_DT | I1: IMPLANTED_YYYYMM | J1: IMPLANTED_YYYYQQ | K1: ACCOUNT_INDICATION__C | L1: ACT_ID | M1: OPP_NAME | N1: OPP_ID | O1: PHYSICIAN | P1: PHYSICIAN_ID | Q1: INDICATION_FOR_USE__C | R1: REASON_FOR_IMPLANT__C | S1: ISIMPL | T1: IMPLANT_UNITS | U1: REVENUE_UNITS | V1: SALES | W1: REBATE? | X1: ASP | Y1: THRESHOLD | Z1: PLAN | AA1: L1 Rate | AB1: L2 Rate | AC1: QTD_SALES | AD1: QTD_IMPLANT_UNITS | AE1: QTD_REVENUE_UNITS | AF1: L1_REV | AG1: L2_REV | AH1: L1_PO | AI1: L2_PO
A2: THE SYNDICATE | B2: RE_03 | C2: scroxdale@cvrx.com | D2: jgonzalez@cvrx.com | E2: 45670 | F2: 2025_01 | G2: 2025_Q1 | H2: 45670 | I2: 2025_01 | J2: 2025_Q1 | K2: Hca Houston Hc Kingwood | L2: 0014u00001pyZnXAAU | M2: CVR419 022507 | N2: 006UY00000FPLAHYA5 | O2: Harsh Patel | P2: 003UY00000JFGZNYA5 | Q2: Heart Failure - Reduced Ejection Fraction | R2: De novo | S2: 1 | T2: 1 | U2: 1 | V2: 28000 | W2: 1 | X2: 28000 | Y2: 1449356.9 | Z2: 1932475.9 | AA2: 0.0209 | AB2: 0.0418 | AC2: 28000 | AD2: 1 | AE2: 1 | AF2: 28000 | AG2: 0 | AH2: 585.2 | AI2: 0
A3: THE SYNDICATE | B3: RE_03 | C3: scroxdale@cvrx.com | D3: jgonzalez@cvrx.com | E3: 45684 | F3: 2025_01 | G3: 2025_Q1 | H3: 45680 | I3: 2025_01 | J3: 2025_Q1 | K3: Methodist Hospital-Houston Methodist | L3: 0017000001Lsj1MAAR | M3: IAH01 022315 | N3: 006UY00000F0g1qYAB | O3: Barry Trachtenberg | P3: 0034u00002ZgAq7AAF | Q3: Heart Failure - Reduced Ejection Fraction | R3: De novo | S3: 1 | T3: 1 | U3: 1 | V3: 35000 | W3: 0 | X3: 35000 | Y3: 1449356.9 | Z3: 1932475.9 | AA3: 0.0209 | AB3: 0.0418 | AC3: 63000 | AD3: 4 | AE3: 2 | AF3: 35000 | AG3: 0 | AH3: 731.5 | AI3: 0
