Workbook

Sheet STATEMENT
B2: CVRx US Sales Incentive Compensation Statement
B4: =info!B1 -> Zilma Colon
B5: Clinical Specialist
B6: =info!B7 & " 2025" -> August 2025 | C6: =_xlfn.CONCAT(TEXT(B6, "YYYY"), "_", TEXT(B6, "MM")) -> 2025_08
B9: Sales Performance | E9: Final Payment
B10: YTD Region Sales | C10: =_xlfn.IFNA(_xlfn.XLOOKUP("YTD_SALES", payout!$G:$G, payout!$F:$F), 0) -> 6544298.2 | E10: FY Territory SI Target | G10: =info!B6 -> 23340
B11: FY Plan | C11: =info!B8 -> 10686112 | E11: FY Territory SI Earned | G11: =(_xlfn.XLOOKUP("YTD_REGIONAL_PO",payout!G:G,payout!F:F)) -> 14271.1
B12: % to FY Plan | C12: =C10/C11 -> 0.61241153 | E12: Less Prior Paid | G12: =G11-G13 -> 12197.15
E13: Region Payout | G13: =IFERROR(_xlfn.XLOOKUP("REGIONAL_PO", payout!G:G,payout!F:F), 0) -> 2073.95
D14: =IF(G14>0, 1, 0) -> 0 | E14: Target Payout | G14: =IFERROR(_xlfn.XLOOKUP("TGT_PO", payout!G:G,payout!F:F), 0) -> 0
D15: =IF(G15>0, 1, 0) -> 0 | E15: Guarantee Adjustment | G15: =IFERROR(_xlfn.XLOOKUP("GUR_AMT",payout!G:G,payout!F:F), 0) -> 0
D16: =IF(G16>0, 1, 0) -> 0 | E16: Other Adjustments | G16: =IFERROR(_xlfn.XLOOKUP("ADJUSTMENTS", payout!G:G,payout!F:F), 0) -> 0
E17: Final Payout | G17: =_xlfn.XLOOKUP("PO_AMT", payout!G:G,payout!F:F) -> 2073.95
B20: Opportunity Detail
B21: Account | D21: Opp Name | F21: Sales | G21: Rev Units
B22: =IF(LEN(detail!K2)<1,"",detail!K2) -> Adventhealth Zephyrhills | D22: =IF(LEN(detail!M2)<1,"",detail!M2) & IF(detail!Y2<>0, "*", "") -> CRX832 025912 | F22: =IF(LEN(detail!R2)<1,"",IF(detail!X2 <> "Revenue Recognized", 0, detail!R2)) -> 28001.25 | G22: =IF(LEN(detail!V2)<1,"",detail!V2) -> 1
B23: =IF(LEN(detail!K3)<1,"",detail!K3) -> Baptist Pensacola Hospital | D23: =IF(LEN(detail!M3)<1,"",detail!M3) & IF(detail!Y3<>0, "*", "") -> CRX839 026557 | F23: =IF(LEN(detail!R3)<1,"",IF(detail!X3 <> "Revenue Recognized", 0, detail!R3)) -> 99000 | G23: =IF(LEN(detail!V3)<1,"",detail!V3) -> 3
B24: =IF(LEN(detail!K4)<1,"",detail!K4) -> Adventhealth Orlando | D24: =IF(LEN(detail!M4)<1,"",detail!M4) & IF(detail!Y4<>0, "*", "") -> AHOrl 026680 | F24: =IF(LEN(detail!R4)<1,"",IF(detail!X4 <> "Revenue Recognized", 0, detail!R4)) -> 28001.25 | G24: =IF(LEN(detail!V4)<1,"",detail!V4) -> 1
B25: =IF(LEN(detail!K5)<1,"",detail!K5) -> Osceola Regional Medical Center | D25: =IF(LEN(detail!M5)<1,"",detail!M5) & IF(detail!Y5<>0, "*", "") -> CRX486 025636 | F25: =IF(LEN(detail!R5)<1,"",IF(detail!X5 <> "Revenue Recognized", 0, detail!R5)) -> 28676.136 | G25: =IF(LEN(detail!V5)<1,"",detail!V5) -> 0
B26: =IF(LEN(detail!K6)<1,"",detail!K6) -> Westside Regional Medical Center | D26: =IF(LEN(detail!M6)<1,"",detail!M6) & IF(detail!Y6<>0, "*", "") -> WRMC724 025461 | F26: =IF(LEN(detail!R6)<1,"",IF(detail!X6 <> "Revenue Recognized", 0, detail!R6)) -> 28676.136 | G26: =IF(LEN(detail!V6)<1,"",detail!V6) -> 0
B27: =IF(LEN(detail!K7)<1,"",detail!K7) -> Jupiter Medical Center | D27: =IF(LEN(detail!M7)<1,"",detail!M7) & IF(detail!Y7<>0, "*", "") -> CVR480 026287 | F27: =IF(LEN(detail!R7)<1,"",IF(detail!X7 <> "Revenue Recognized", 0, detail!R7)) -> 31500 | G27: =IF(LEN(detail!V7)<1,"",detail!V7) -> 1
B28: =IF(LEN(detail!K8)<1,"",detail!K8) -> Baptist Pensacola Hospital | D28: =IF(LEN(detail!M8)<1,"",detail!M8) & IF(detail!Y8<>0, "*", "") -> CRX839 026879 | F28: =IF(LEN(detail!R8)<1,"",IF(detail!X8 <> "Revenue Recognized", 0, detail!R8)) -> 99000 | G28: =IF(LEN(detail!V8)<1,"",detail!V8) -> 3
B29: =IF(LEN(detail!K9)<1,"",detail!K9) -> Adventhealth Daytona Beach | D29: =IF(LEN(detail!M9)<1,"",detail!M9) & IF(detail!Y9<>0, "*", "") -> AHDB 026795 | F29: =IF(LEN(detail!R9)<1,"",IF(detail!X9 <> "Revenue Recognized", 0, detail!R9)) -> 27510 | G29: =IF(LEN(detail!V9)<1,"",detail!V9) -> 1
B30: =IF(LEN(detail!K10)<1,"",detail!K10) -> Adventhealth Orlando | D30: =IF(LEN(detail!M10)<1,"",detail!M10) & IF(detail!Y10<>0, "*", "") -> AHOrl 026976 | F30: =IF(LEN(detail!R10)<1,"",IF(detail!X10 <> "Revenue Recognized", 0, detail!R10)) -> 28001.25 | G30: =IF(LEN(detail!V10)<1,"",detail!V10) -> 1
B31: =IF(LEN(detail!K11)<1,"",detail!K11) -> Adventhealth Orlando | D31: =IF(LEN(detail!M11)<1,"",detail!M11) & IF(detail!Y11<>0, "*", "") -> AHOrl 026978 | F31: =IF(LEN(detail!R11)<1,"",IF(detail!X11 <> "Revenue Recognized", 0, detail!R11)) -> 28001.25 | G31: =IF(LEN(detail!V11)<1,"",detail!V11) -> 1
B32: =IF(LEN(detail!K12)<1,"",detail!K12) -> James A Haley Veterans Hospital | D32: =IF(LEN(detail!M12)<1,"",detail!M12) & IF(detail!Y12<>0, "*", "") -> VA 68 024751 | F32: =IF(LEN(detail!R12)<1,"",IF(detail!X12 <> "Revenue Recognized", 0, detail!R12)) -> 31833.721 | G32: =IF(LEN(detail!V12)<1,"",detail!V12) -> 1
B33: =IF(LEN(detail!K13)<1,"",detail!K13) -> Manatee Memorial Hospital Lp | D33: =IF(LEN(detail!M13)<1,"",detail!M13) & IF(detail!Y13<>0, "*", "") -> ManMemMC 026927 | F33: =IF(LEN(detail!R13)<1,"",IF(detail!X13 <> "Revenue Recognized", 0, detail!R13)) -> 168000 | G33: =IF(LEN(detail!V13)<1,"",detail!V13) -> 6
... B54: =IF(LEN(detail!K34)<1,"",detail!K34) | D54: =IF(LEN(detail!M34)<1,"",detail!M34) & IF(detail!Y34<>0, "*", "") | F54: =IF(LEN(detail!R34)<1,"",IF(detail!X34 <> "Revenue Recognized", 0, detail!R34)) | G54: =IF(LEN(detail!V34)<1,"",detail!V34)
B55: =IF(LEN(detail!K44)<1,"",detail!K44) | D55: =IF(LEN(detail!M44)<1,"",detail!M44) & IF(detail!Y44<>0, "*", "") | F55: =IF(LEN(detail!R44)<1,"",IF(detail!X44 <> "Revenue Recognized", 0, detail!R44)) | G55: =IF(LEN(detail!V44)<1,"",detail!V44)
B56: =IF(LEN(detail!K45)<1,"",detail!K45) | D56: =IF(LEN(detail!M45)<1,"",detail!M45) & IF(detail!Y45<>0, "*", "") | F56: =IF(LEN(detail!R45)<1,"",IF(detail!X45 <> "Revenue Recognized", 0, detail!R45)) | G56: =IF(LEN(detail!V45)<1,"",detail!V45)
B57: =IF(LEN(detail!K46)<1,"",detail!K46) | D57: =IF(LEN(detail!M46)<1,"",detail!M46) & IF(detail!Y46<>0, "*", "") | F57: =IF(LEN(detail!R46)<1,"",IF(detail!X46 <> "Revenue Recognized", 0, detail!R46)) | G57: =IF(LEN(detail!V46)<1,"",detail!V46)
B58: An * denotes a targeted payout

Sheet payout
A1: YYYYMM | B1: EID | C1: YYYYQQ | D1: ROLE | E1: STATUS | F1: VALUE | G1: CATEGORY | H1: Notes
A2: 2025_08 | B2: zcolon@cvrx.com | C2: 2025_Q3 | D2: CS | E2: ACTIVE | F2: 14271.1 | G2: YTD_REGIONAL_PO
A3: 2025_08 | B3: zcolon@cvrx.com | C3: 2025_Q3 | D3: CS | E3: ACTIVE | F3: 949548.32 | G3: SALES
A4: 2025_08 | B4: zcolon@cvrx.com | C4: 2025_Q3 | D4: CS | E4: ACTIVE | F4: 2073.95 | G4: REGIONAL_PO
A5: 2025_08 | B5: zcolon@cvrx.com | C5: 2025_Q3 | D5: CS | E5: ACTIVE | F5: 2073.95 | G5: PO_AMT
A6: 2025_08 | B6: zcolon@cvrx.com | C6: 2025_Q3 | D6: CS | E6: ACTIVE | F6: 6544298.2 | G6: YTD_SALES
A7: 2025_08 | B7: zcolon@cvrx.com | C7: 2025_Q3 | D7: CS | E7: ACTIVE | F7: 0.61 | G7: %_FY_PLAN
A8: 2025_08 | B8: zcolon@cvrx.com | C8: 2025_Q3 | D8: CS | E8: ACTIVE | F8: 14271 | G8: YTD_PO

Sheet info
A1: Name: | B1: Zilma Colon
A2: Email: | B2: zcolon@cvrx.com
A3: RM: | B3: cdavenport@cvrx.com
A4: Territory: | B4: FLORIDA (COLON)
A5: Role: | B5: Clinical Sales Representative
A6: Base Bonus: | B6: 23340
A7: Month: | B7: August
A8: Quota: | B8: 10686112

Sheet detail
A1: SALES_CREDIT_CS_EMAIL | B1: NAME_REP | C1: REGION_NM | D1: REGION_ID | E1: CLOSEDATE | F1: CLOSE_YYYYMM | G1: CLOSE_YYYYQQ | H1: IMPLANTED_DT | I1: IMPLANTED_YYYYMM | J1: IMPLANTED_YYYYQQ | K1: ACCOUNT_INDICATION__C | L1: ACT_ID | M1: OPP_NAME | N1: OPP_ID | O1: PHYSICIAN | P1: PHYSICIAN_ID | Q1: SALES | R1: SALES_COMMISSIONABLE | S1: YTD_SALES_COMMISSIONABLE | T1: REG_ALIGN_ELIGIBLE? | U1: IMPLANT_UNITS | V1: REVENUE_UNITS | W1: REASON_FOR_IMPLANT__C | X1: STAGENAME | Y1: TGT_PO | Z1: PO_% | AA1: TGT_TYPE | AB1: PO_TYPE | AC1: TGT_PO_YYYYMM | AD1: RN
A2: zcolon@cvrx.com | B2: Zilma Colon | C2: FLORIDA (DAVENPORT) | D2: RE_06 | E2: 45870 | F2: 2025_08 | G2: 2025_Q3 | H2: 45869 | I2: 2025_07 | J2: 2025_Q3 | K2: Adventhealth Zephyrhills | L2: 0014u00001pyTz0AAE | M2: CRX832 025912 | N2: 006UY00000MX8LaYAL | O2: Vladimir Curkovic | P2: 0034u00002ar9S8AAI | Q2: 28001.25 | R2: 28001.25 | S2: 5622751.1 | T2: 1 | U2: 1 | V2: 1 | W2: De novo | X2: Revenue Recognized | AD2: 0
A3: zcolon@cvrx.com | B3: Zilma Colon | C3: FLORIDA (DAVENPORT) | D3: RE_06 | E3: 45873 | F3: 2025_08 | G3: 2025_Q3 | I3: 2025_08 | J3: 2025_Q3 | K3: Baptist Pensacola Hospital | L3: 0014u00001pyTz7AAE | M3: CRX839 026557 | N3: 006UY00000Ns1GQYAZ | Q3: 99000 | R3: 99000 | S3: 5721751.1 | T3: 1 | U3: 0 | V3: 3 | W3: De novo | X3: Revenue Recognized | AD3: 0
A4: zcolon@cvrx.com | B4: Zilma Colon | C4: FLORIDA (DAVENPORT) | D4: RE_06 | E4: 45874 | F4: 2025_08 | G4: 2025_Q3 | I4: 2025_08 | J4: 2025_Q3 | K4: Adventhealth Orlando | L4: 0017000001LsiQyAAJ | M4: AHOrl 026680 | N4: 006UY00000O8XFWYA3 | Q4: 28001.25 | R4: 28001.25 | S4: 5749752.3 | T4: 1 | U4: 0 | V4: 1 | W4: De novo | X4: Revenue Recognized | AD4: 0
A5: zcolon@cvrx.com | B5: Zilma Colon | C5: FLORIDA (DAVENPORT) | D5: RE_06 | E5: 45874 | F5: 2025_08 | G5: 2025_Q3 | H5: 45874 | I5: 2025_08 | J5: 2025_Q3 | K5: Osceola Regional Medical Center | L5: 0014u00001s9Et1AAE | M5: CRX486 025636 | N5: 006UY00000M44GTYAZ | O5: Dianne Zullow | P5: 0034u00002ar9nTAAQ | Q5: 0 | R5: 28676.136 | S5: 5778428.5 | T5: 1 | U5: 1 | V5: 0 | W5: De novo | X5: Revenue Recognized | AD5: 0
A6: zcolon@cvrx.com | B6: Zilma Colon | C6: FLORIDA (DAVENPORT) | D6: RE_06 | E6: 45877 | F6: 2025_08 | G6: 2025_Q3 | H6: 45877 | I6: 2025_08 | J6: 2025_Q3 | K6: Westside Regional Medical Center | L6: 0014u00001s9EwrAAE | M6: WRMC724 025461 | N6: 006UY00000LhdhxYAB | O6: David Kenigsberg | P6: 0034u00002ZgbHrAAJ | Q6: 0 | R6: 28676.136 | S6: 5838604.6 | T6: 1 | U6: 1 | V6: 0 | W6: De novo | X6: Revenue Recognized | AD6: 0
A7: zcolon@cvrx.com | B7: Zilma Colon | C7: FLORIDA (DAVENPORT) | D7: RE_06 | E7: 45877 | F7: 2025_08 | G7: 2025_Q3 | H7: 45876 | I7: 2025_08 | J7: 2025_Q3 | K7: Jupiter Medical Center | L7: 0014u00001pydEnAAI | M7: CVR480 026287 | N7: 006UY00000NKw4DYAT | O7: Duccio Baldari | P7: 0034u00002Zgb8tAAB | Q7: 31500 | R7: 31500 | S7: 5809928.5 | T7: 1 | U7: 1 | V7: 1 | W7: De novo | X7: Revenue Recognized | AD7: 0
A8: zcolon@cvrx.com | B8: Zilma Colon | C8: FLORIDA (DAVENPORT) | D8: RE_06 | E8: 45884 | F8: 2025_08 | G8: 2025_Q3 | I8: 2025_08 | J8: 2025_Q3 | K8: Baptist Pensacola Hospital | L8: 0014u00001pyTz7AAE | M8: CRX839 026879 | N8: 006UY00000Ob2rRYAR | Q8: 99000 | R8: 99000 | S8: 5937604.6 | T8: 1 | U8: 0 | V8: 3 | W8: De novo | X8: Revenue Recognized | AD8: 0
A9: zcolon@cvrx.com | B9: Zilma Colon | C9: FLORIDA (DAVENPORT) | D9: RE_06 | E9: 45887 | F9: 2025_08 | G9: 2025_Q3 | H9: 45884 | I9: 2025_08 | J9: 2025_Q3 | K9: Adventhealth Daytona Beach | L9: 0010g00001jmQApAAM | M9: AHDB 026795 | N9: 006UY00000OPoLbYAL | O9: David Henderson | P9: 0034u00002ZgAyFAAV | Q9: 27510 | R9: 27510 | S9: 5965114.6 | T9: 1 | U9: 1 | V9: 1 | W9: Replacement | X9: Revenue Recognized | AD9: 0
A10: zcolon@cvrx.com | B10: Zilma Colon | C10: FLORIDA (DAVENPORT) | D10: RE_06 | E10: 45889 | F10: 2025_08 | G10: 2025_Q3 | I10: 2025_08 | J10: 2025_Q3 | K10: Adventhealth Orlando | L10: 0017000001LsiQyAAJ | M10: AHOrl 026976 | N10: 006UY00000OlhgQYAR | Q10: 28001.25 | R10: 28001.25 | S10: 5993115.9 | T10: 1 | U10: 0 | V10: 1 | W10: De novo | X10: Revenue Recognized | AD10: 0
A11: zcolon@cvrx.com | B11: Zilma Colon | C11: FLORIDA (DAVENPORT) | D11: RE_06 | E11: 45889 | F11: 2025_08 | G11: 2025_Q3 | I11: 2025_08 | J11: 2025_Q3 | K11: Adventhealth Orlando | L11: 0017000001LsiQyAAJ | M11: AHOrl 026978 | N11: 006UY00000OmvkYYAR | Q11: 28001.25 | R11: 28001.25 | S11: 6021117.1 | T11: 1 | U11: 0 | V11: 1 | W11: De novo | X11: Revenue Recognized | AD11: 0
A12: zcolon@cvrx.com | B12: Zilma Colon | C12: FLORIDA (DAVENPORT) | D12: RE_06 | E12: 45890 | F12: 2025_08 | G12: 2025_Q3 | H12: 45889 | I12: 2025_08 | J12: 2025_Q3 | K12: James A Haley Veterans Hospital | L12: 0014u00001v5DwSAAU | M12: VA 68 024751 | N12: 006UY00000KPgweYAD | O12: Ramona Gelzer-Bell | P12: 0034u00002uHNrJAAW | Q12: 32000 | R12: 31833.721 | S12: 6052950.8 | T12: 1 | U12: 1 | V12: 1 | W12: De novo | X12: Revenue Recognized | AD12: 0
A13: zcolon@cvrx.com | B13: Zilma Colon | C13: FLORIDA (DAVENPORT) | D13: RE_06 | E13: 45891 | F13: 2025_08 | G13: 2025_Q3 | I13: 2025_08 | J13: 2025_Q3 | K13: Manatee Memorial Hospital Lp | L13: 0014u00001nCHq9AAG | M13: ManMemMC 026927 | N13: 006UY00000OgSi1YAF | Q13: 168000 | R13: 168000 | S13: 6220950.8 | T13: 1 | U13: 0 | V13: 6 | W13: De novo | X13: Revenue Recognized | AD13: 0
A14: zcolon@cvrx.com | B14: Zilma Colon | C14: FLORIDA (DAVENPORT) | D14: RE_06 | E14: 45894 | F14: 2025_08 | G14: 2025_Q3 | I14: 2025_08 | J14: 2025_Q3 | K14: Uf Health Jacksonville | L14: 0010g00001jmQ7bAAE | M14: UFJAX 027034 | N14: 006UY00000OudfCYAR | Q14: 31500 | R14: 31500 | S14: 6364452.1 | T14: 1 | U14: 0 | V14: 1 | W14: De novo | X14: Revenue Recognized | AD14: 0
A15: zcolon@cvrx.com | B15: Zilma Colon | C15: FLORIDA (DAVENPORT) | D15: RE_06 | E15: 45894 | F15: 2025_08 | G15: 2025_Q3 | I15: 2025_08 | J15: 2025_Q3 | K15: Adventhealth Orlando | L15: 0017000001LsiQyAAJ | M15: AHOrl 027031 | N15: 006UY00000OuRhHYAV | Q15: 28001.25 | R15: 28001.25 | S15: 6248952.1 | T15: 1 | U15: 0 | V15: 1 | W15: De novo | X15: Revenue Recognized | AD15: 0
A16: zcolon@cvrx.com | B16: Zilma Colon | C16: FLORIDA (DAVENPORT) | D16: RE_06 | E16: 45894 | F16: 2025_08 | G16: 2025_Q3 | I16: 2025_08 | J16: 2025_Q3 | K16: Sarasota Memorial Health Care System | L16: 0014u00001nCHqOAAW | M16: SMH 026926 | N16: 006UY00000OgOZaYAN | Q16: 84000 | R16: 84000 | S16: 6332952.1 | T16: 1 | U16: 0 | V16: 3 | W16: De novo | X16: Revenue Recognized | AD16: 0
A17: zcolon@cvrx.com | B17: Zilma Colon | C17: FLORIDA (DAVENPORT) | D17: RE_06 | E17: 45895 | F17: 2025_08 | G17: 2025_Q3 | H17: 45895 | I17: 2025_08 | J17: 2025_Q3 | K17: Osceola Regional Medical Center | L17: 0014u00001s9Et1AAE | M17: CRX486 025817 | N17: 006UY00000MIbMDYA1 | O17: Patrick Mathias | P17: 0034u00002XvrzVAAR | Q17: 0 | R17: 28676.136 | S17: 6421129.5 | T17: 1 | U17: 1 | V17: 0 | W17: De novo | X17: Revenue Recognized | AD17: 0
A18: zcolon@cvrx.com | B18: Zilma Colon | C18: FLORIDA (DAVENPORT) | D18: RE_06 | E18: 45895 | F18: 2025_08 | G18: 2025_Q3 | I18: 2025_08 | J18: 2025_Q3 | K18: Adventhealth Orlando | L18: 0017000001LsiQyAAJ | M18: AHOrl 027071 | N18: 006UY00000Oyc2zYAB | Q18: 28001.25 | R18: 28001.25 | S18: 6392453.3 | T18: 1 | U18: 0 | V18: 1 | W18: De novo | X18: Revenue Recognized | AD18: 0
A19: zcolon@cvrx.com | B19: Zilma Colon | C19: FLORIDA (DAVENPORT) | D19: RE_06 | E19: 45896 | F19: 2025_08 | G19: 2025_Q3 | I19: 2025_08 | J19: 2025_Q3 | K19: Adventhealth Orlando | L19: 0017000001LsiQyAAJ | M19: AHOrl 027083 | N19: 006UY00000P2YtfYAF | Q19: 28001.25 | R19: 28001.25 | S19: 6449130.7 | T19: 1 | U19: 0 | V19: 1 | W19: De novo | X19: Revenue Recognized | AD19: 0
A20: zcolon@cvrx.com | B20: Zilma Colon | C20: FLORIDA (DAVENPORT) | D20: RE_06 | E20: 45896 | F20: 2025_08 | G20: 2025_Q3 | H20: 45896 | I20: 2025_08 | J20: 2025_Q3 | K20: James A Haley Veterans Hospital | L20: 0014u00001v5DwSAAU | M20: VA 68 026946 | N20: 006UY00000OhFfXYAV | O20: Ramona Gelzer-Bell | P20: 0034u00002uHNrJAAW | Q20: 32000 | R20: 31833.721 | S20: 6544298.2 | T20: 1 | U20: 1 | V20: 1 | W20: De novo | X20: Revenue Recognized | AD20: 0
A21: zcolon@cvrx.com | B21: Zilma Colon | C21: FLORIDA (DAVENPORT) | D21: RE_06 | E21: 45896 | F21: 2025_08 | G21: 2025_Q3 | H21: 45895 | I21: 2025_08 | J21: 2025_Q3 | K21: Lee Memorial Hs- Cape Coral Hosp | L21: 0014u00001wnLVDAA2 | M21: CCH 026452 | N21: 006UY00000Ne7FJYAZ | O21: Eliot Hoffman | P21: 0034u00002W8W6fAAF | Q21: 31500 | R21: 31500 | S21: 6480630.7 | T21: 1 | U21: 1 | V21: 1 | W21: De novo | X21: Revenue Recognized | AD21: 0
A22: zcolon@cvrx.com | B22: Zilma Colon | C22: FLORIDA (DAVENPORT) | D22: RE_06 | E22: 45896 | F22: 2025_08 | G22: 2025_Q3 | H22: 45895 | I22: 2025_08 | J22: 2025_Q3 | K22: James A Haley Veterans Hospital | L22: 0014u00001v5DwSAAU | M22: VA 68 024502 | N22: 006UY00000JvzztYAB | O22: Ramona Gelzer-Bell | P22: 0034u00002uHNrJAAW | Q22: 32000 | R22: 31833.721 | S22: 6512464.4 | T22: 1 | U22: 1 | V22: 1 | W22: De novo | X22: Revenue Recognized | AD22: 0
