Workbook

Sheet STATEMENT
B2: CVRx US Variable Incentive Compensation Statement
B4: =info!B1
B5: =info!B5
B6: =info!B6 & " 2026" | C6: =_xlfn.CONCAT(TEXT(B6,"YYYY"), "_", TEXT(B6,"MM"))
B9: Sales Performance | E9: Final Payment
B10: Sales | C10: =_xlfn.XLOOKUP("SALES", payout!G:G,payout!F:F) | E10: Payout | G10: =C10*0.1 | K10: =C10*0.15
E11: Adjustments | G11: =_xlfn.IFNA(_xlfn.XLOOKUP("ADJUSTMENTS", payout!G:G,payout!F:F), 0) + _xlfn.IFNA(_xlfn.XLOOKUP("T-SPLIT", payout!G:G,payout!F:F), 0)
E12: Final Payout | G12: =_xlfn.XLOOKUP("PO_AMT", payout!G:G,payout!F:F)
E13: YTD Payout | G13: =_xlfn.XLOOKUP("YTD_PO", payout!G:G,payout!F:F)
B16: Opportunity Detail
B17: Account | C17: Type | D17: Opp Name | F17: Sales | G17: Rev Units
B18: =IF(LEN(detail!L2)<1,"",detail!L2) | C18: =IF(LEN(detail!W2)<1,"", detail!W2) | D18: =IF(LEN(detail!Q2)<1,"",detail!Q2) | F18: =DOLLAR(IF(LEN(detail!AC2)<1,"",detail!AC2), 0) | G18: =IF(LEN(detail!AA2)<1,"",detail!AA2)
B19: =IF(LEN(detail!L3)<1,"",detail!L3) | C19: =IF(LEN(detail!W3)<1,"", detail!W3) | D19: =IF(LEN(detail!Q3)<1,"",detail!Q3) | F19: =DOLLAR(IF(LEN(detail!AC3)<1,"",detail!AC3), 0) | G19: =IF(LEN(detail!AA3)<1,"",detail!AA3)
B20: =IF(LEN(detail!L4)<1,"",detail!L4) | C20: =IF(LEN(detail!W4)<1,"", detail!W4) | D20: =IF(LEN(detail!Q4)<1,"",detail!Q4) | F20: =DOLLAR(IF(LEN(detail!AC4)<1,"",detail!AC4), 0) | G20: =IF(LEN(detail!AA4)<1,"",detail!AA4)
B21: =IF(LEN(detail!L5)<1,"",detail!L5) | C21: =IF(LEN(detail!W5)<1,"", detail!W5) | D21: =IF(LEN(detail!Q5)<1,"",detail!Q5) | F21: =DOLLAR(IF(LEN(detail!AC5)<1,"",detail!AC5), 0) | G21: =IF(LEN(detail!AA5)<1,"",detail!AA5)
B22: =IF(LEN(detail!L6)<1,"",detail!L6) | C22: =IF(LEN(detail!W6)<1,"", detail!W6) | D22: =IF(LEN(detail!Q6)<1,"",detail!Q6) | F22: =DOLLAR(IF(LEN(detail!AC6)<1,"",detail!AC6), 0) | G22: =IF(LEN(detail!AA6)<1,"",detail!AA6)
B23: =IF(LEN(detail!L7)<1,"",detail!L7) | C23: =IF(LEN(detail!W7)<1,"", detail!W7) | D23: =IF(LEN(detail!Q7)<1,"",detail!Q7) | F23: =DOLLAR(IF(LEN(detail!AC7)<1,"",detail!AC7), 0) | G23: =IF(LEN(detail!AA7)<1,"",detail!AA7)
B24: =IF(LEN(detail!L8)<1,"",detail!L8) | C24: =IF(LEN(detail!W8)<1,"", detail!W8) | D24: =IF(LEN(detail!Q8)<1,"",detail!Q8) | F24: =DOLLAR(IF(LEN(detail!AC8)<1,"",detail!AC8), 0) | G24: =IF(LEN(detail!AA8)<1,"",detail!AA8)
B25: =IF(LEN(detail!L9)<1,"",detail!L9) | C25: =IF(LEN(detail!W9)<1,"", detail!W9) | D25: =IF(LEN(detail!Q9)<1,"",detail!Q9) | F25: =DOLLAR(IF(LEN(detail!AC9)<1,"",detail!AC9), 0) | G25: =IF(LEN(detail!AA9)<1,"",detail!AA9)
B26: =IF(LEN(detail!L10)<1,"",detail!L10) | C26: =IF(LEN(detail!W10)<1,"", detail!W10) | D26: =IF(LEN(detail!Q10)<1,"",detail!Q10) | F26: =DOLLAR(IF(LEN(detail!AC10)<1,"",detail!AC10), 0) | G26: =IF(LEN(detail!AA10)<1,"",detail!AA10)
B27: =IF(LEN(detail!L11)<1,"",detail!L11) | C27: =IF(LEN(detail!W11)<1,"", detail!W11) | D27: =IF(LEN(detail!Q11)<1,"",detail!Q11) | F27: =DOLLAR(IF(LEN(detail!AC11)<1,"",detail!AC11), 0) | G27: =IF(LEN(detail!AA11)<1,"",detail!AA11)
B28: =IF(LEN(detail!L12)<1,"",detail!L12) | C28: =IF(LEN(detail!W12)<1,"", detail!W12) | D28: =IF(LEN(detail!Q12)<1,"",detail!Q12) | F28: =DOLLAR(IF(LEN(detail!AC12)<1,"",detail!AC12), 0) | G28: =IF(LEN(detail!AA12)<1,"",detail!AA12)
B29: =IF(LEN(detail!L13)<1,"",detail!L13) | C29: =IF(LEN(detail!W13)<1,"", detail!W13) | D29: =IF(LEN(detail!Q13)<1,"",detail!Q13) | F29: =DOLLAR(IF(LEN(detail!AC13)<1,"",detail!AC13), 0) | G29: =IF(LEN(detail!AA13)<1,"",detail!AA13)
... B39: =IF(LEN(detail!L23)<1,"",detail!L23) | C39: =IF(LEN(detail!W23)<1,"", detail!W23) | D39: =IF(LEN(detail!Q23)<1,"",detail!Q23) | F39: =DOLLAR(IF(LEN(detail!AC23)<1,"",detail!AC23), 0) | G39: =IF(LEN(detail!AA23)<1,"",detail!AA23)

Sheet info
A1: Name: | B1: Tanner Kirk
A2: Email: | B2: tkirk@cvrx.com
A3: ASD: | B3: esabo@cvrx.com
A4: Territory: | B4: NORTHEAST (KIRK)
A5: Role: | B5: Associate Territory Manager
A6: Month: | B6: January

Sheet payout
A1: YYYYMM | B1: EID | C1: YYYYQQ | D1: ROLE | E1: STATUS | F1: VALUE | G1: CATEGORY | H1: Notes
A2: 2026_01 | B2: tkirk@cvrx.com | C2: 2026_Q1 | D2: ATM | E2: ACTIVE | F2: 0 | G2: SALES
A3: 2026_01 | B3: tkirk@cvrx.com | C3: 2026_Q1 | D3: ATM | E3: ACTIVE | F3: 0 | G3: PO_AMT
A4: 2026_01 | B4: tkirk@cvrx.com | C4: 2026_Q1 | D4: ATM | E4: ACTIVE | F4: 0 | G4: IMPLANT_UNITS
A5: 2026_01 | B5: tkirk@cvrx.com | C5: 2026_Q1 | D5: ATM | E5: ACTIVE | F5: 0 | G5: REVENUE_UNITS
A6: 2026_01 | B6: tkirk@cvrx.com | C6: 2026_Q1 | D6: ATM | E6: ACTIVE | F6: 0 | G6: YTD_PO

Sheet detail
A1: ATM_EMAIL | B1: ATM_NAME | C1: REGION | D1: REGION_ID | E1: CLOSEDATE | F1: CLOSE_YYYYMM | G1: CLOSE_YYYYQQ | H1: IMPLANTED_DT | I1: IMPLANTED_YYYYMM | J1: IMPLANTED_YYYYQQ | K1: DHC_IDN_NAME__C | L1: ACCOUNT_INDICATION__C | M1: ACT_ID | N1: ACT_OWNER_EMAIL | O1: OPP_OWNER_EMAIL | P1: OPP_ID | Q1: OPP_NAME | R1: PHYSICIAN | S1: PHYSICIAN_ID | T1: SALES_CREDIT_REP_EMAIL | U1: DE_FACTO_TERR_ID | V1: INDICATION_FOR_USE__C | W1: REASON_FOR_IMPLANT__C | X1: STAGENAME | Y1: ISIMPL | Z1: IMPLANT_UNITS | AA1: REVENUE_UNITS | AB1: SALES | AC1: SALES_COMMISSIONABLE | AD1: PAYOUT
