Workbook

Sheet STATEMENT
B2: CVRx US Variable Incentive Compensation Statement
B4: =info!B1
B5: =info!B5
B6: =info!B6 & " 2026" | C6: =_xlfn.CONCAT(TEXT(B6,"YYYY"), "_", TEXT(B6,"MM"))
B9: Sales Performance | E9: Final Payment
B10: ATM Account Sales | C10: =_xlfn.XLOOKUP("ATM_ACCOUNT_REV", payout!G:G,payout!F:F) | D10: =IF(G10>0, 1, 0) | E10: ATM Account Payout | G10: =_xlfn.XLOOKUP("ATM_ACCOUNT_PO", payout!G:G,payout!F:F) | K10: =C10*0.15
B11: Level 1 Sales | C11: =_xlfn.XLOOKUP("L1_REV", payout!$G:$G, payout!$F:$F) | E11: Level 1 Payout | G11: =_xlfn.XLOOKUP("L1_PO", payout!G:G,payout!F:F) | K11: =C11*0.15
B12: Level 2 Sales | C12: =_xlfn.XLOOKUP("L2_REV", payout!$G:$G, payout!$F:$F) | E12: Level 2 Payout | G12: =_xlfn.XLOOKUP("L2_PO",payout!G:G,payout!F:F) | K12: =C12*0.2
B13: Total Sales | C13: =SUM(C10:C12) | E13: Subtotal | G13: =SUM(G10:G12)
B14: QTD Sales | C14: =_xlfn.IFNA(_xlfn.XLOOKUP("QTD_SALES", payout!G:G,payout!F:F), 0) | E14: Adjustments | G14: =_xlfn.IFNA(_xlfn.XLOOKUP("ADJUSTMENTS", payout!G:G,payout!F:F), 0) + _xlfn.IFNA(_xlfn.XLOOKUP("T-SPLIT", payout!G:G,payout!F:F), 0)
D15: 1 | E15: CPAS Payout | G15: =IFERROR(_xlfn.XLOOKUP("CPAS_PO", payout!G:G,payout!F:F), 0)
D16: =IF(G16>0, 1, 0) | E16: Program Accel | G16: =IFERROR(_xlfn.XLOOKUP("PROGRAM_ACCEL_PO",payout!G:G,payout!F:F), 0)
D17: =IF(G17>0, 1, 0) | E17: Implant Ratio Accel | G17: =IFERROR(_xlfn.XLOOKUP("IMPLANT_ACCEL_TRUE_UP",payout!G:G,payout!F:F), 0)
D18: =IF(G18>0, IF(G18>IFERROR(_xlfn.XLOOKUP("TTL_PO", payout!G:G,payout!F:F), 0), 1, 0), 0) | E18: Minimum Payout | G18: =IFERROR(_xlfn.XLOOKUP("GUR_AMT",payout!G:G,payout!F:F), 0)
E19: Final Payout | G19: =_xlfn.XLOOKUP("PO_AMT", payout!G:G,payout!F:F)
B20: Q1 Threshold | C20: =info!B7 | E20: YTD Payout | G20: =_xlfn.XLOOKUP("YTD_PO", payout!G:G,payout!F:F)
B23: Opportunity Detail
B24: Account | C24: Type | D24: Opp Name | F24: Sales | G24: Rev Units
B25: =IF(LEN(detail!P2)<1,"",detail!P2) | C25: =IF(LEN(detail!X2)<1,"", detail!X2) | D25: =IF(LEN(detail!R2)<1,"",detail!R2) | F25: =DOLLAR(IF(LEN(detail!AF2)<1,"",detail!AF2), 0) & IF(detail!AG2 = 1, "*", "") | G25: =IF(LEN(detail!AC2)<1,"",detail!AC2)
B26: =IF(LEN(detail!P3)<1,"",detail!P3) | C26: =IF(LEN(detail!X3)<1,"", detail!X3) | D26: =IF(LEN(detail!R3)<1,"",detail!R3) | F26: =DOLLAR(IF(LEN(detail!AF3)<1,"",detail!AF3), 0) & IF(detail!AG3 = 1, "*", "") | G26: =IF(LEN(detail!AC3)<1,"",detail!AC3)
B27: =IF(LEN(detail!P4)<1,"",detail!P4) | C27: =IF(LEN(detail!X4)<1,"", detail!X4) | D27: =IF(LEN(detail!R4)<1,"",detail!R4) | F27: =DOLLAR(IF(LEN(detail!AF4)<1,"",detail!AF4), 0) & IF(detail!AG4 = 1, "*", "") | G27: =IF(LEN(detail!AC4)<1,"",detail!AC4)
B28: =IF(LEN(detail!P5)<1,"",detail!P5) | C28: =IF(LEN(detail!X5)<1,"", detail!X5) | D28: =IF(LEN(detail!R5)<1,"",detail!R5) | F28: =DOLLAR(IF(LEN(detail!AF5)<1,"",detail!AF5), 0) & IF(detail!AG5 = 1, "*", "") | G28: =IF(LEN(detail!AC5)<1,"",detail!AC5)
B29: =IF(LEN(detail!P6)<1,"",detail!P6) | C29: =IF(LEN(detail!X6)<1,"", detail!X6) | D29: =IF(LEN(detail!R6)<1,"",detail!R6) | F29: =DOLLAR(IF(LEN(detail!AF6)<1,"",detail!AF6), 0) & IF(detail!AG6 = 1, "*", "") | G29: =IF(LEN(detail!AC6)<1,"",detail!AC6)
B30: =IF(LEN(detail!P7)<1,"",detail!P7) | C30: =IF(LEN(detail!X7)<1,"", detail!X7) | D30: =IF(LEN(detail!R7)<1,"",detail!R7) | F30: =DOLLAR(IF(LEN(detail!AF7)<1,"",detail!AF7), 0) & IF(detail!AG7 = 1, "*", "") | G30: =IF(LEN(detail!AC7)<1,"",detail!AC7)
B31: =IF(LEN(detail!P8)<1,"",detail!P8) | C31: =IF(LEN(detail!X8)<1,"", detail!X8) | D31: =IF(LEN(detail!R8)<1,"",detail!R8) | F31: =DOLLAR(IF(LEN(detail!AF8)<1,"",detail!AF8), 0) & IF(detail!AG8 = 1, "*", "") | G31: =IF(LEN(detail!AC8)<1,"",detail!AC8)
B32: =IF(LEN(detail!P9)<1,"",detail!P9) | C32: =IF(LEN(detail!X9)<1,"", detail!X9) | D32: =IF(LEN(detail!R9)<1,"",detail!R9) | F32: =DOLLAR(IF(LEN(detail!AF9)<1,"",detail!AF9), 0) & IF(detail!AG9 = 1, "*", "") | G32: =IF(LEN(detail!AC9)<1,"",detail!AC9)
B33: =IF(LEN(detail!P10)<1,"",detail!P10) | C33: =IF(LEN(detail!X10)<1,"", detail!X10) | D33: =IF(LEN(detail!R10)<1,"",detail!R10) | F33: =DOLLAR(IF(LEN(detail!AF10)<1,"",detail!AF10), 0) & IF(detail!AG10 = 1, "*", "") | G33: =IF(LEN(detail!AC10)<1,"",detail!AC10)
B34: =IF(LEN(detail!P11)<1,"",detail!P11) | C34: =IF(LEN(detail!X11)<1,"", detail!X11) | D34: =IF(LEN(detail!R11)<1,"",detail!R11) | F34: =DOLLAR(IF(LEN(detail!AF11)<1,"",detail!AF11), 0) & IF(detail!AG11 = 1, "*", "") | G34: =IF(LEN(detail!AC11)<1,"",detail!AC11)
B35: =IF(LEN(detail!P12)<1,"",detail!P12) | C35: =IF(LEN(detail!X12)<1,"", detail!X12) | D35: =IF(LEN(detail!R12)<1,"",detail!R12) | F35: =DOLLAR(IF(LEN(detail!AF12)<1,"",detail!AF12), 0) & IF(detail!AG12 = 1, "*", "") | G35: =IF(LEN(detail!AC12)<1,"",detail!AC12)
B36: =IF(LEN(detail!P13)<1,"",detail!P13) | C36: =IF(LEN(detail!X13)<1,"", detail!X13) | D36: =IF(LEN(detail!R13)<1,"",detail!R13) | F36: =DOLLAR(IF(LEN(detail!AF13)<1,"",detail!AF13), 0) & IF(detail!AG13 = 1, "*", "") | G36: =IF(LEN(detail!AC13)<1,"",detail!AC13)
... B46: =IF(LEN(detail!P23)<1,"",detail!P23) | C46: =IF(LEN(detail!X23)<1,"", detail!X23) | D46: =IF(LEN(detail!R23)<1,"",detail!R23) | F46: =DOLLAR(IF(LEN(detail!AF23)<1,"",detail!AF23), 0) & IF(detail!AG23 = 1, "*", "") | G46: =IF(LEN(detail!AC23)<1,"",detail!AC23)
B47: * An asterisk denotes that the opp includes a rebate

Sheet payout
A1: YYYYMM | B1: EID | C1: YYYYQQ | D1: ROLE | E1: STATUS | F1: VALUE | G1: CATEGORY | H1: Notes
A2: 2026_01 | B2: jmalberg@cvrx.com | C2: 2026_Q1 | D2: TM | E2: ACTIVE | F2: 123000 | G2: SALES
A3: 2026_01 | B3: jmalberg@cvrx.com | C3: 2026_Q1 | D3: TM | E3: ACTIVE | F3: 60000 | G3: ATM_ACCOUNT_REV
A4: 2026_01 | B4: jmalberg@cvrx.com | C4: 2026_Q1 | D4: TM | E4: ACTIVE | F4: 9000 | G4: ATM_ACCOUNT_PO
A5: 2026_01 | B5: jmalberg@cvrx.com | C5: 2026_Q1 | D5: TM | E5: ACTIVE | F5: 63000 | G5: L1_REV
A6: 2026_01 | B6: jmalberg@cvrx.com | C6: 2026_Q1 | D6: TM | E6: ACTIVE | F6: 9450 | G6: L1_PO
A7: 2026_01 | B7: jmalberg@cvrx.com | C7: 2026_Q1 | D7: TM | E7: ACTIVE | F7: 0 | G7: L2_REV
A8: 2026_01 | B8: jmalberg@cvrx.com | C8: 2026_Q1 | D8: TM | E8: ACTIVE | F8: 0 | G8: L2_PO
A9: 2026_01 | B9: jmalberg@cvrx.com | C9: 2026_Q1 | D9: TM | E9: ACTIVE | F9: 500 | G9: CPAS_PO
A10: 2026_01 | B10: jmalberg@cvrx.com | C10: 2026_Q1 | D10: TM | E10: ACTIVE | F10: 0 | G10: IMPLANT_ACCEL_TRUE_UP
A11: 2026_01 | B11: jmalberg@cvrx.com | C11: 2026_Q1 | D11: TM | E11: ACTIVE | F11: 0 | G11: PROGRAM_ACCEL_PO
A12: 2026_01 | B12: jmalberg@cvrx.com | C12: 2026_Q1 | D12: TM | E12: ACTIVE | F12: 18950 | G12: TTL_PO
A13: 2026_01 | B13: jmalberg@cvrx.com | C13: 2026_Q1 | D13: TM | E13: ACTIVE | F13: 0 | G13: GUR_AMT
... A19: 2026_01 | B19: jmalberg@cvrx.com | C19: 2026_Q1 | D19: TM | E19: ACTIVE | F19: 18950 | G19: YTD_PO

Sheet info
A1: Name: | B1: Jennifer Malberg
A2: Email: | B2: jmalberg@cvrx.com
A3: ASD: | B3: mbrown@cvrx.com
A4: Territory: | B4: NORTH CALIFORNIA (MALBERG)
A5: Role: | B5: Territory Manager
A6: Month: | B6: January
A7: Threshold: | B7: 170362.5
A8: Plan: | B8: 245322

Sheet detail
A1: SALES_CREDIT_REP_EMAIL | B1: NAME_REP | C1: COVERAGE_TYPE | D1: REP_TERR_ID | E1: ZIP_TERR_ID | F1: DE_FACTO_TERR_ID | G1: REGION_NM | H1: REGION_ID | I1: CLOSEDATE | J1: CLOSE_YYYYMM | K1: CLOSE_YYYYQQ | L1: IMPLANTED_DT | M1: IMPLANTED_YYYYMM | N1: IMPLANTED_YYYYQQ | O1: DHC_IDN_NAME__C | P1: ACCOUNT_INDICATION__C | Q1: ACT_ID | R1: OPP_NAME | S1: OPP_ID | T1: OPP_OWNER_EMAIL | U1: PHYSICIAN | V1: PHYSICIAN_ID | W1: INDICATION_FOR_USE__C | X1: REASON_FOR_IMPLANT__C | Y1: STAGENAME | Z1: ISIMPL | AA1: IMPLANT_UNITS | AB1: IMPLANT_UNITS_FOR_RATIO | AC1: REVENUE_UNITS | AD1: REV_UNITS_FOR_RATIO | AE1: SALES | AF1: SALES_COMMISSIONABLE | AG1: REBATE? | AH1: ASP | AI1: THRESHOLD | AJ1: PLAN | AK1: QTD_SALES_COMISSIONABLE | AL1: QTD_IMPLANT_UNITS | AM1: QTD_REVENUE_UNITS | AN1: ATM_EMAIL | AO1: ATM_ACCOUNT_REVENUE | AP1: L1_REV | AQ1: L2_REV | AR1: QTD_IMPL_REV_RATIO | AS1: ATM_ACCOUNT_PO | AT1: L1_PO | AU1: L2_PO
A2: jmalberg@cvrx.com | B2: Jennifer Malberg | C2: Normal | D2: TERR_37 | E2: TERR_37 | F2: TERR_37 | G2: PACIFIC | H2: RE_07 | I2: 46048 | J2: 2026_01 | K2: 2026_Q1 | M2: 2026_01 | N2: 2026_Q1 | O2: University of California Health (AKA UC Health-CA) | P2: Ucsf Medical Center | Q2: 0014u00001pyZlqAAE | R2: CVR314 028890 | S2: 006UY00000U3JknYAF | T2: jmalberg@cvrx.com | W2: Heart Failure - Reduced Ejection Fraction | X2: De novo | Y2: Revenue Recognized | Z2: 0 | AA2: 0 | AB2: 0 | AC2: 1 | AD2: 1 | AE2: 31500 | AF2: 31500 | AG2: 1 | AH2: 31500 | AI2: 170362.5 | AJ2: 245322 | AK2: 31500 | AL2: 2 | AM2: 1 | AO2: 0 | AP2: 31500 | AQ2: 0 | AR2: 2 | AS2: 0 | AT2: 4725 | AU2: 0
A3: jmalberg@cvrx.com | B3: Jennifer Malberg | C3: Normal | D3: TERR_37 | E3: TERR_37 | F3: TERR_37 | G3: PACIFIC | H3: RE_07 | I3: 46048 | J3: 2026_01 | K3: 2026_Q1 | M3: 2026_01 | N3: 2026_Q1 | O3: University of California Health (AKA UC Health-CA) | P3: Ucsf Medical Center | Q3: 0014u00001pyZlqAAE | R3: CVR314 029551 | S3: 006UY00000VfcIoYAJ | T3: jmalberg@cvrx.com | W3: Heart Failure - Reduced Ejection Fraction | X3: De novo | Y3: Revenue Recognized | Z3: 0 | AA3: 0 | AB3: 0 | AC3: 1 | AD3: 1 | AE3: 31500 | AF3: 31500 | AG3: 1 | AH3: 31500 | AI3: 170362.5 | AJ3: 245322 | AK3: 63000 | AL3: 2 | AM3: 2 | AO3: 0 | AP3: 31500 | AQ3: 0 | AR3: 1 | AS3: 0 | AT3: 4725 | AU3: 0
A4: jmalberg@cvrx.com | B4: Jennifer Malberg | C4: Normal | D4: TERR_37 | E4: TERR_37 | F4: TERR_37 | G4: PACIFIC | H4: RE_07 | I4: 46053 | J4: 2026_01 | K4: 2026_Q1 | M4: 2026_02 | N4: 2026_Q1 | O4: Kaweah Health (FKA Kaweah Delta Health Care District) | P4: Kaweah Delta Medical Center | Q4: 0014u00001s9EpwAAE | R4: CRX305 029860 | S4: 006UY00000WRIhZYAX | T4: jmalberg@cvrx.com | W4: Heart Failure - Reduced Ejection Fraction | X4: De novo | Y4: Revenue Recognized | Z4: 0 | AA4: 0 | AB4: 0 | AC4: 2 | AD4: 2 | AE4: 60000 | AF4: 60000 | AG4: 0 | AH4: 30000 | AI4: 170362.5 | AJ4: 245322 | AK4: 123000 | AL4: 4 | AM4: 4 | AN4: brummonds@cvrx.com | AO4: 60000 | AP4: 0 | AQ4: 0 | AR4: 1 | AS4: 9000 | AT4: 0 | AU4: 0
